[
    {
      "id": 1,
      "image": "/classic/images/dart.webp",
      "name": "Dart Monkey",
      "class": "Primary",
      "release_version": "v1.0",
      "alcance": 32,
      "terrain": "Ground",
      "damage_type": "Sharp"
      
    },
    {
      "id": 2,
      "image": "/classic/images/boomerang.webp",
      "name": "Boomerang Monkey",
      "class": "Primary",
      "release_version": "v1.0",
      "alcance": 43,
      "terrain": "Ground",
      "damage_type": "Sharp"
    },
    {
      "id": 3,
      "image": "/classic/images/bombshooter.webp",
      "name": "Bomb Shooter",
      "class": "Primary",
      "release_version": "v1.0",
      "alcance": 40,
      "terrain": "Ground",
      "damage_type": "Explosion"
    },
    {
      "id": 4,
      "image": "/classic/images/tackshooter.webp",
      "name": "Tack Shooter",
      "class": "Primary",
      "release_version": "v1.0",
      "alcance": 23,
      "terrain": "Ground",
      "damage_type": "Sharp"
    },
    {
      "id": 5,
      "image": "/classic/images/ice.webp",
      "name": "Ice Monkey",
      "class": "Primary",
      "release_version": "v1.0",
      "alcance": 20,
      "terrain": "Ground",
      "damage_type": "Cold"
    },
    {
      "id": 6,
      "image": "/classic/images/glue.webp",
      "name": "Glue Gunner",
      "class": "Primary",
      "release_version": "v1.0",
      "alcance": 46,
      "terrain": "Ground",
      "damage_type": "Acid"
    },
    {
      "id": 7,
      "image": "/classic/images/sniper.webp",
      "name": "Sniper Monkey",
      "class": "Military",
      "release_version": "v1.0",
      "alcance": "Infinite / 20dr",
      "terrain": "Ground",
      "damage_type": "Sharp"
    },
    {
      "id": 8,
      "image": "/classic/images/sub.webp",
      "name": "Monkey Sub",
      "class": "Military",
      "release_version": "v1.0",
      "alcance": 42,
      "terrain": "Water",
      "damage_type": "Sharp"
    },
    {
      "id": 9,
      "image": "/classic/images/bucaneer.webp",
      "name": "Monkey Bucaneer",
      "class": "Military",
      "release_version": "v1.0",
      "alcance": 60,
      "terrain": "Water",
      "damage_type": "Sharp"
    },
    {
      "id": 10,
      "image": "/classic/images/ace.webp",
      "name": "Monkey Ace",
      "class": "Military",
      "release_version": "v1.0",
      "alcance": "40-80 / 22dr",
      "terrain": "Ground",
      "damage_type": "Sharp"
    },
    {
      "id": 11,
      "image": "/classic/images/heli.webp",
      "name": "Heli Pilot",
      "class": "Military",
      "release_version": "v1.0",
      "alcance": "42 / 22dr",
      "terrain": "Ground",
      "damage_type": "Sharp"
    },
    {
      "id": 12,
      "image": "/classic/images/mortar.webp",
      "name": "Mortar Monkey",
      "class": "Military",
      "release_version": "v6.0",
      "alcance": "Infinite / 30dr",
      "terrain": "Ground",
      "damage_type": "Explosion"
    },
    {
      "id": 13,
      "image": "/classic/images/gunner.webp",
      "name": "Dartling Gunner",
      "class": "Military",
      "release_version": "v22.0",
      "alcance": "Infinite / 20dr",
      "terrain": "Ground",
      "damage_type": "Sharp"
    },
    {
      "id": 14,
      "image": "/classic/images/wizard.webp",
      "name": "Wizard Monkey",
      "class": "Magic",
      "release_version": "v1.0",
      "alcance": 40,
      "terrain": "Ground",
      "damage_type": "Energy"
    },
    {
      "id": 15,
      "image": "/classic/images/super.webp",
      "name": "Super Monkey",
      "class": "Magic",
      "release_version": "v1.0",
      "alcance": 50,
      "terrain": "Ground",
      "damage_type": "Sharp"
    },
    {
      "id": 16,
      "image": "/classic/images/ninja.webp",
      "name": "Ninja Monkey",
      "class": "Magic",
      "release_version": "v1.0",
      "alcance": 40,
      "terrain": "Ground",
      "damage_type": "Sharp"
    },
    {
      "id": 17,
      "image": "/classic/images/alchemist.webp",
      "name": "Alchemist",
      "class": "Magic",
      "release_version": "v1.0",
      "alcance": 45,
      "terrain": "Ground",
      "damage_type": "Acid"
    },
    {
      "id": 18,
      "image": "/classic/images/druid.webp",
      "name": "Druid",
      "class": "Magic",
      "release_version": "v1.0",
      "alcance": 35,
      "terrain": "Ground",
      "damage_type": "Sharp"
    },
    {
      "id": 19,
      "image": "/classic/images/mermonkey.webp",
      "name": "Mermonkey",
      "class": "Magic",
      "release_version": "v44.0",
      "alcance": "28/35",
      "terrain": "Ground/Water",
      "damage_type": "Normal/Shatter"
    },
    {
      "id": 20,
      "image": "/classic/images/banana.webp",
      "name": "Banana Farm",
      "class": "Support",
      "release_version": "v1.0",
      "alcance": 40,
      "terrain": "Ground",
      "damage_type": "Passive"
    },
    {
      "id": 21,
      "image": "/classic/images/spike.webp",
      "name": "Spike Factory",
      "class": "Support",
      "release_version": "v1.0",
      "alcance": 34,
      "terrain": "Ground",
      "damage_type": "Passive"
    },
    {
      "id": 22,
      "image": "/classic/images/village.webp",
      "name": "Monkey Village",
      "class": "Support",
      "release_version": "v1.0",
      "alcance": 40,
      "terrain": "Ground",
      "damage_type": "Passive"
    },
    {
      "id": 23,
      "image": "/classic/images/engineer.webp",
      "name": "Engineer Monkey",
      "class": "Support",
      "release_version": "v12.0",
      "alcance": 40,
      "terrain": "Ground",
      "damage_type": "Sharp"
    },
    {
      "id": 24,
      "image": "/classic/images/beasthandler.webp",
      "name": "Beast Handler",
      "class": "Support",
      "release_version": "v36.0",
      "alcance": "20/60",
      "terrain": "Ground",
      "damage_type": "Energy"
    }
  ]